{
  "TUMOR": {
    "n_cells": 45149,
    "det_K": 0.05767426952646547,
    "K_RM": 0.6859300970344429,
    "K_RN": 0.7407015496058228,
    "K_RG": 0.6423567704233849,
    "K_MN": 0.7332359285683466,
    "K_MG": 0.672449867809281,
    "K_NG": 0.8270837723208789,
    "RIBO_independence": 0.31033719431211637
  },
  "NORMAL": {
    "n_cells": 42995,
    "det_K": 0.01830522804250979,
    "K_RM": 0.7721572874613847,
    "K_RN": 0.8390929269734878,
    "K_RG": 0.7302413971920723,
    "K_MN": 0.8743804081616969,
    "K_MG": 0.7765919360610984,
    "K_NG": 0.8527571102058898,
    "RIBO_independence": 0.21950279612435164
  },
  "LYMPH_NODE": {
    "n_cells": 37446,
    "det_K": 0.2777671530154598,
    "K_RM": 0.4923182821387209,
    "K_RN": 0.651736906951674,
    "K_RG": 0.33143276104193786,
    "K_MN": 0.5512942727775114,
    "K_MG": 0.29959627282403883,
    "K_NG": 0.5232512187628442,
    "RIBO_independence": 0.5081706832892223
  },
  "EFFUSION": {
    "n_cells": 20304,
    "det_K": 0.1253806011855362,
    "K_RM": 0.6546565949453613,
    "K_RN": 0.672856808389461,
    "K_RG": 0.4247608247029845,
    "K_MN": 0.6979636629255476,
    "K_MG": 0.5103255752962161,
    "K_NG": 0.69593047337241,
    "RIBO_independence": 0.4159085906540644
  },
  "NORMAL_STROMA": {
    "n_cells": 29060,
    "det_K": 0.0171804631665281,
    "K_RM": 0.7258462064978518,
    "K_RN": 0.847549875835416,
    "K_RG": 0.809091573983357,
    "K_MN": 0.7956518786596006,
    "K_MG": 0.7894665757008525,
    "K_NG": 0.899994633861959,
    "RIBO_independence": 0.20583744789445835
  },
  "EBUS": {
    "n_cells": 27561,
    "det_K": 0.035794130780823295,
    "K_RM": 0.7158190134297308,
    "K_RN": 0.7566792915352191,
    "K_RG": 0.6754691555099718,
    "K_MN": 0.7746836571435672,
    "K_MG": 0.7157546880467788,
    "K_NG": 0.8740726962051674,
    "RIBO_independence": 0.2840108465083594
  },
  "BRONCHO": {
    "n_cells": 5991,
    "det_K": 0.11322988911476889,
    "K_RM": 0.6679842458510908,
    "K_RN": 0.681095660787803,
    "K_RG": 0.4888411869488768,
    "K_MN": 0.6421388961249838,
    "K_MG": 0.4822866312966339,
    "K_NG": 0.7525743572709812,
    "RIBO_independence": 0.38735963547074315
  }
}